participant_id,first_name,last_name,department,region,start_date_at_company
746,Stephen Odonnell,Munoz,Academic librarian,Arizona,2022-12-03
6,John Lamb,Golden,Pathologist,Illinois,2023-03-12
959,Veronica Monroe,Anderson,"Administrator, local government",Montana,2025-03-13
324,Aaron Smith,Fischer,Seismic interpreter,South Carolina,2020-12-08
151,Matthew Russo,Ramirez,"Education officer, environmental",Connecticut,2022-10-29
54,Lori Johnson,Sloan,Commercial art gallery manager,Kentucky,2021-02-11
891,Marilyn Reed,Wiggins,Health promotion specialist,Alaska,2020-08-29
526,David Edwards,Richardson,Tax inspector,Arizona,2024-09-06
630,Lisa Simpson,Schneider,Proofreader,South Dakota,2022-08-17
132,Cassandra Bennett,Carter,Corporate investment banker,Georgia,2021-10-21
34,Jacob Davis,Chan,Animal technologist,Arizona,2021-10-18
781,Kevin Ward,Hays,"Conservation officer, nature",Maine,2021-01-08
601,Taylor Parker,Vincent,Building services engineer,Maryland,2022-06-19
597,Jason Garcia,Kerr,Public relations account executive,Michigan,2024-08-27
72,Gwendolyn Mendoza,Lyons,Physiological scientist,Arizona,2021-12-16
915,Stephanie Gillespie,Sims,Mining engineer,South Dakota,2020-11-18
658,Christina Walker,Cruz,Chief Technology Officer,Montana,2023-03-26
979,Thomas Kramer,Klein,"Engineer, water",Nevada,2020-11-12
438,Zachary Richards,Jackson,"Engineer, agricultural",Minnesota,2021-01-09
974,Sarah Johnson,Fox,"Engineer, drilling",Delaware,2022-12-08
836,Martin Shea,Salinas,Youth worker,Georgia,2020-12-21
179,Isaiah Wilcox,Garcia,"Therapist, occupational",New York,2021-03-11
689,Michael Rich,Simpson,IT trainer,New York,2025-06-10
253,Shelly Daniels,Velazquez,Acupuncturist,Michigan,2023-12-24
849,Emily Morris,Warren,Furniture designer,Rhode Island,2024-05-15
303,Lauren Robbins,Roman,Brewing technologist,Colorado,2023-01-12
233,Andrea Anderson,Turner,"Production assistant, radio",Michigan,2024-10-04
305,Sheila Murray,Watson,Museum/gallery exhibitions officer,North Dakota,2022-12-17
329,Meghan Trujillo,Chang,Camera operator,West Virginia,2022-07-31
467,Donna Santana,Butler,Race relations officer,Missouri,2023-06-27
927,Sean Smith,Mcclure,"Education officer, environmental",Maryland,2022-12-26
930,Austin Heath,Hahn,Immunologist,Wyoming,2022-06-28
168,Amy Davidson,Anderson,Historic buildings inspector/conservation officer,Washington,2024-08-07
134,Andrew Butler,Vasquez,Town planner,Virginia,2020-11-09
101,Rita Gomez,Johnson,"Psychologist, prison and probation services",Missouri,2022-09-29
368,Richard Smith,George,Consulting civil engineer,South Dakota,2022-01-25
256,Mariah Lee,Logan,Recycling officer,Delaware,2024-11-09
283,Julie Chen,Morgan,Company secretary,Utah,2024-01-07
225,Samuel Mullen,Hughes,Hospital doctor,West Virginia,2024-10-24
503,Rhonda Stone,Floyd,Energy engineer,Arizona,2024-05-11
817,Peter Gibson,Clarke,Call centre manager,Arizona,2024-12-16
996,David Johnson,Meyer,"Teacher, adult education",Oregon,2024-10-30
642,Ricardo Wilkerson,Burton,Retail buyer,Vermont,2023-01-25
863,Theresa Thomas,Snow,"Pharmacist, hospital",Colorado,2025-02-16
684,Brett Ayala,Navarro,Airline pilot,New Hampshire,2022-08-09
627,Jonathan Shields,Nguyen,Forensic psychologist,Colorado,2022-03-19
777,Michael Reed,Thompson,Exercise physiologist,Mississippi,2020-10-19
754,Christine Harris,Nunez,Community pharmacist,West Virginia,2020-06-26
333,Alexander Jacobs,Villarreal,"Embryologist, clinical",New Jersey,2021-01-04
806,Tyler Anderson,Levy,Medical illustrator,Michigan,2022-10-25
788,Timothy Rubio,Fields,Educational psychologist,Pennsylvania,2025-06-01
981,Kevin Moore,Hurst,Comptroller,Iowa,2022-01-11
179,Paul Carter,Barnes,Armed forces training and education officer,Florida,2023-06-16
390,Michael Anderson,Evans,Pension scheme manager,West Virginia,2025-01-30
536,Elizabeth Gomez,Wright,Merchant navy officer,South Dakota,2025-03-12
572,Jason Butler,Chandler,IT sales professional,New Hampshire,2021-06-20
996,John Clements,Hogan,Health and safety inspector,Delaware,2023-03-29
581,Rebecca Griffin,Ross,"Pharmacist, community",Nevada,2021-04-28
484,Gina Mills,Kelly,Chartered legal executive (England and Wales),New Mexico,2024-03-23
729,Ronald Cole,Murray,Engineering geologist,Maryland,2021-01-08
153,Elizabeth Lynch,Coleman,Public affairs consultant,Colorado,2023-11-04
859,Crystal Gill,Ramirez,Advertising copywriter,Delaware,2021-10-19
833,April Ross,Zamora,Occupational hygienist,New Hampshire,2020-12-16
871,Drew Fischer,Stout,"Therapist, nutritional",Colorado,2020-08-16
639,Elizabeth Morgan,Moreno,Fisheries officer,Wisconsin,2021-04-07
145,Dylan Meyer,Berry,"Engineer, materials",Ohio,2020-12-22
102,Kimberly Figueroa,Strong,Health promotion specialist,Maine,2022-08-30
558,Brenda Martinez,Martinez,Oncologist,Pennsylvania,2022-10-15
953,Elizabeth Chen,Newton,Engineering geologist,New Mexico,2022-11-23
547,Katherine Mullen,Wallace,Customer service manager,West Virginia,2022-12-05
421,Cindy Kelly,Myers,Administrator,North Dakota,2025-05-06
306,Angela Avery,Middleton,Nutritional therapist,Alabama,2022-04-04
213,Aaron Nelson,Bowman,"Horticulturist, commercial",Washington,2024-12-14
838,Kenneth Lee,Hamilton,Lawyer,Missouri,2021-04-16
389,Steven Graham,West,Data scientist,North Dakota,2022-01-11
826,Cody Bailey,Lucero,Physiotherapist,New York,2022-05-25
382,Craig Bentley,Willis,Artist,Missouri,2020-08-12
592,Shelby Cox,Paul,Early years teacher,Iowa,2023-07-03
658,Michele Hunt,Mitchell,Manufacturing engineer,Nebraska,2022-09-28
707,Kelli Huber,Blevins,Planning and development surveyor,Pennsylvania,2022-09-21
550,John Rogers,Williams,Associate Professor,Hawaii,2022-03-14
963,Adam Brown,Patterson,Environmental education officer,Rhode Island,2022-06-07
814,Jody Morgan,Garcia,Chartered certified accountant,Massachusetts,2022-01-23
155,Frederick Johnson,Williams,"Merchandiser, retail",Colorado,2021-06-30
714,Chelsea Harris,Chambers,Illustrator,Maryland,2023-01-13
675,John Wiggins,Allen,Information officer,Oklahoma,2020-10-23
745,Nathaniel Williams,Lamb,"Research officer, political party",New Jersey,2022-08-26
498,David Mckenzie,Moore,"Engineer, production",New Hampshire,2023-07-07
127,Kristin Tanner,Foster,Education administrator,Kansas,2022-11-25
583,Seth Michael,Flores,"Presenter, broadcasting",Connecticut,2023-03-27
705,Joshua Harris,Phillips,Private music teacher,North Carolina,2023-06-22
288,Debbie Hall,Wilson,Child psychotherapist,Idaho,2024-02-11
199,Dustin Fitzgerald,Keller,Social worker,North Carolina,2022-08-04
416,James Nelson,Maddox,Systems analyst,Minnesota,2021-08-06
424,Kimberly Campbell,Singh,Film/video editor,California,2023-01-15
228,Cynthia Fuller,Mitchell,Dramatherapist,Florida,2024-07-01
545,Erin Richards,Johnson,"Conservation officer, nature",Montana,2021-03-23
811,William Taylor,Clark,Research scientist (maths),Oregon,2024-04-14
233,Cynthia Anderson,Hall,Music tutor,Minnesota,2023-06-29
315,Jonathan Hardin,Jensen,Agricultural engineer,North Dakota,2023-06-07
