course_id,course_name,instructor,duration_hours,category
1,User-centric analyzing adapter,Andrea Casey,39,Business
2,Seamless global capability,Angela Young,30,Business
3,Mandatory intangible migration,Jordan Parrish,25,Health
4,Distributed 6thgeneration product,Christopher Howe,20,Health
5,Synergistic multimedia neural-net,Brandon Herrera,23,Compliance
6,Stand-alone holistic success,Connie Owens,29,Business
7,Adaptive modular functionalities,Clayton Pineda,10,Leadership
8,Progressive exuding synergy,Adrienne Kaufman,26,Health
9,Multi-layered modular standardization,Cory Miller,40,Arts
10,Expanded solution-oriented artificial intelligence,Darren Erickson,26,Compliance
11,Monitored dedicated frame,Dr. Joel Ford,36,Arts
12,Innovative web-enabled hierarchy,James Stark,10,Health
13,Function-based optimizing hub,Ethan Mitchell,10,Health
14,Implemented analyzing info-mediaries,William Banks,18,Compliance
15,Distributed zero administration matrices,Ryan Houston,25,Arts
16,Universal methodical monitoring,Michael King,34,Leadership
17,Fundamental 24hour parallelism,Cynthia Garcia,20,Technology
18,Managed dedicated focus group,Vincent Crawford,34,Compliance
19,Ameliorated leadingedge middleware,Alvin Rivera,29,Business
20,Virtual tangible success,Jeffrey Morris,31,Arts
21,Fully-configurable full-range monitoring,Jeremy White,30,Arts
22,Function-based responsive application,Brandy Blackwell,26,Technology
23,Organic object-oriented support,Joseph Gonzalez,36,Leadership
24,Quality-focused intangible extranet,Cindy Hart,26,Technology
25,Persistent zero administration standardization,Frank Ellis,39,Technology
26,Reduced tertiary solution,Amy Martin,28,Health
27,Multi-lateral interactive access,Denise Davis,25,Business
28,Assimilated context-sensitive focus group,Regina Smith,40,Technology
29,Open-source demand-driven analyzer,Robert Higgins,14,Business
30,Balanced 24/7 budgetary management,James Allen,5,Arts
31,Right-sized fresh-thinking product,Zachary Carter,17,Compliance
32,Expanded web-enabled installation,Tonya Parker,6,Arts
33,Diverse multi-tasking hub,David Todd,35,Health
34,Managed regional leverage,Manuel Blankenship,19,Business
35,Enhanced heuristic Graphical User Interface,Stephanie Martin,13,Technology
36,Upgradable system-worthy model,Victoria Reynolds,30,Arts
37,Centralized non-volatile ability,Douglas Perez,14,Health
38,Progressive value-added customer loyalty,Stephanie Thomas,34,Health
39,Centralized uniform parallelism,Teresa Walker,29,Compliance
40,Business-focused fault-tolerant migration,Tiffany Dunn,17,Business
41,Versatile tangible matrices,Ryan Jones,15,Arts
42,Compatible multimedia leverage,Jose Wheeler,20,Health
43,Exclusive incremental support,Jake Ramirez,16,Compliance
44,Optional maximized array,Thomas Hudson,15,Arts
45,Synergistic intermediate interface,Tracy Washington,4,Compliance
46,Ergonomic local access,Kristen Perez,19,Business
47,Automated context-sensitive contingency,Kevin Buckley,25,Leadership
48,Stand-alone dedicated orchestration,Pamela Stark,29,Leadership
49,Decentralized real-time productivity,Cynthia Wolfe,14,Health
50,Innovative mobile info-mediaries,Zachary Espinoza,16,Business
